RANK,NAME,REVENUES ($M),REVENUE PERCENT CHANGE,PROFITS ($M),PROFITS PERCENT CHANGE,ASSETS ($M),"MARKET VALUE â€” AS OF MARCH 29, 2019 ($M)",CHANGE IN RANK (FULL 1000),EMPLOYEES,CHANGE IN RANK (500 ONLY),URL_FORBES,URL_COMPANY,SEARCH_URL,URL_COMPANY_SUFFIX,URL_LEADERSHIP,URL_LEADERSHIP_ROOT,URL_DOMAIN
1,Walmart,"$514,405.0",2.8%,"$6,670.0",-32.4%,"$219,295.0","$279,880.3",-,"2,200,000",-,https://fortune.com/fortune500/2019/walmart,http://www.walmart.com,https://www.google.com/search?q=Walmart+corporate+leadership+page,walmart.com,https://corporate.walmart.com/our-story/leadership,https://corporate.walmart.com,.com
2,Exxon Mobil,"$290,212.0",18.8%,"$20,840.0",5.7%,"$346,196.0","$342,172.0",-,"71,000",-,https://fortune.com/fortune500/2019/exxon-mobil,http://www.exxonmobil.com,https://www.google.com/search?q=Exxon Mobil+corporate+leadership+page,exxonmobil.com,https://corporate.exxonmobil.com/company/who-we-are/management-committee,https://corporate.exxonmobil.com,.com
3,Apple,"$265,595.0",15.9%,"$59,531.0",23.1%,"$365,725.0","$895,667.4",1,"132,000",1,https://fortune.com/fortune500/2019/apple,http://www.apple.com,https://www.google.com/search?q=Apple+corporate+leadership+page,apple.com,https://www.apple.com/leadership/,https://www.apple.com,.com
4,Berkshire Hathaway,"$247,837.0",2.4%,"$4,021.0",-91.1%,"$707,794.0","$493,870.3",-1,"389,000",-1,https://fortune.com/fortune500/2019/berkshire-hathaway,http://www.berkshirehathaway.com,https://www.google.com/search?q=Berkshire Hathaway+corporate+leadership+page,berkshirehathaway.com,https://www.berkshirehathawayhs.com/pages/about,https://www.berkshirehathawayhs.com,.com
5,Amazon.com,"$232,887.0",30.9%,"$10,073.0",232.1%,"$162,648.0","$874,709.5",3,"647,500",3,https://fortune.com/fortune500/2019/amazon-com,http://www.amazon.com,https://www.google.com/search?q=Amazon.com+corporate+leadership+page,amazon.com,https://ir.aboutamazon.com/board-of-directors,https://ir.aboutamazon.com,.com
6,UnitedHealth Group,"$226,247.0",12.5%,"$11,986.0",13.5%,"$152,221.0","$237,255.5",-1,"300,000",-1,https://fortune.com/fortune500/2019/unitedhealth-group,http://www.unitedhealthgroup.com,https://www.google.com/search?q=UnitedHealth Group+corporate+leadership+page,unitedhealthgroup.com,https://www.unitedhealthgroup.com/about/executives.html,https://www.unitedhealthgroup.com,.com
7,McKesson,"$208,357.0",4.9%,$67.0,-98.7%,"$60,381.0","$22,455.1",-1,"68,000",-1,https://fortune.com/fortune500/2019/mckesson,http://www.mckesson.com,https://www.google.com/search?q=McKesson+corporate+leadership+page,mckesson.com,https://www.mckesson.com/about-mckesson/our-company/executive-officers/,https://www.mckesson.com,.com
8,CVS Health,"$194,579.0",5.3%,$-594.0,-109.0%,"$196,456.0","$69,951.6",-1,"295,000",-1,https://fortune.com/fortune500/2019/cvs-health,http://www.cvshealth.com,https://www.google.com/search?q=CVS Health+corporate+leadership+page,cvshealth.com,https://cvshealth.com/about/leadership,https://cvshealth.com,.com
9,AT&T,"$170,756.0",6.4%,"$19,370.0",-34.2%,"$531,864.0","$228,444.7",-,"268,220",-,https://fortune.com/fortune500/2019/att,http://www.att.com,https://www.google.com/search?q=AT&T+corporate+leadership+page,att.com,https://investors.att.com/corporate-governance/leadership,https://investors.att.com,.com
10,AmerisourceBergen,"$167,939.6",9.7%,"$1,658.4",355.0%,"$37,669.8","$16,785.9",2,"20,500",2,https://fortune.com/fortune500/2019/amerisourcebergen,http://www.amerisourcebergen.com,https://www.google.com/search?q=AmerisourceBergen+corporate+leadership+page,amerisourcebergen.com,https://www.amerisourcebergen.com/about-our-leadership,https://www.amerisourcebergen.com,.com
11,Chevron,"$166,339.0",23.6%,"$14,824.0",61.2%,"$253,863.0","$234,049.7",2,"48,600",2,https://fortune.com/fortune500/2019/chevron,http://www.chevron.com,https://www.google.com/search?q=Chevron+corporate+leadership+page,chevron.com,https://www.chevron.com/about/leadership,https://www.chevron.com,.com
12,Ford Motor,"$160,338.0",2.3%,"$3,677.0",-51.6%,"$256,540.0","$35,028.0",-1,"199,000",-1,https://fortune.com/fortune500/2019/ford-motor,http://www.corporate.ford.com,https://www.google.com/search?q=Ford Motor+corporate+leadership+page,corporate.ford.com,https://media.ford.com/content/fordmedia/fna/us/en/people.filter.company-officers.0.50.html,https://media.ford.com/content/fordmedia/fna/us/en/people.filter.com,.com
13,General Motors,"$147,049.0",-6.5%,"$8,014.0",-,"$227,339.0","$52,291.7",-3,"173,000",-3,https://fortune.com/fortune500/2019/general-motors,http://www.gm.com,https://www.google.com/search?q=General Motors+corporate+leadership+page,gm.com,https://www.gm.com/our-company/leadership/corporate-officers.html,https://www.gm.com,.com
14,Costco Wholesale,"$141,576.0",9.7%,"$3,134.0",17.0%,"$40,830.0","$106,512.6",1,"194,000",1,https://fortune.com/fortune500/2019/costco,http://www.costco.com,https://www.google.com/search?q=Costco Wholesale+corporate+leadership+page,costco.com,http://investor.costco.com/executive-officers,http://investor.costco.com,.com
15,Alphabet,"$136,819.0",23.4%,"$30,736.0",142.7%,"$232,792.0","$816,824.2",7,"98,771",7,https://fortune.com/fortune500/2019/alphabet,http://www.abc.xyz,https://www.google.com/search?q=Alphabet+corporate+leadership+page,abc.xyz,https://abc.xyz/investor/other/board/#,https://abc.xyz,.xyz
16,Cardinal Health,"$136,809.0",5.3%,$256.0,-80.1%,"$39,951.0","$14,349.5",-2,"50,200",-2,https://fortune.com/fortune500/2019/cardinal-health,http://www.cardinalhealth.com,https://www.google.com/search?q=Cardinal Health+corporate+leadership+page,cardinalhealth.com,https://www.cardinalhealth.com/en/about-us/our-people/our-leaders.html,https://www.cardinalhealth.com,.com
17,Walgreens Boots Alliance,"$131,537.0",11.3%,"$5,024.0",23.2%,"$68,124.0","$59,691.7",2,"299,000",2,https://fortune.com/fortune500/2019/walgreens-boots-alliance,http://www.walgreensbootsalliance.com,https://www.google.com/search?q=Walgreens Boots Alliance+corporate+leadership+page,walgreensbootsalliance.com,https://www.walgreensbootsalliance.com/about/senior-management/,https://www.walgreensbootsalliance.com,.com
18,JPMorgan Chase,"$131,412.0",15.4%,"$32,474.0",32.9%,"$2,622,532.0","$331,451.5",2,"256,105",2,https://fortune.com/fortune500/2019/jpmorgan-chase,http://www.jpmorganchase.com,https://www.google.com/search?q=JPMorgan Chase+corporate+leadership+page,jpmorganchase.com,https://www.jpmorganchase.com/corporate/About-JPMC/operating-committee.htm,https://www.jpmorganchase.com,.com
19,Verizon Communications,"$130,863.0",3.8%,"$15,528.0",-48.4%,"$264,829.0","$244,327.9",-3,"144,500",-3,https://fortune.com/fortune500/2019/verizon,http://www.verizon.com,https://www.google.com/search?q=Verizon Communications+corporate+leadership+page,verizon.com,https://www.verizon.com/about/our-company/executive-bios,https://www.verizon.com,.com
20,Kroger,"$121,162.0",-1.2%,"$3,110.0",63.1%,"$38,118.0","$19,630.8",-3,"453,000",-3,https://fortune.com/fortune500/2019/kroger,http://www.thekrogerco.com,https://www.google.com/search?q=Kroger+corporate+leadership+page,thekrogerco.com,http://ir.kroger.com/management-and-directors,http://ir.kroger.com,.com
21,General Electric,"$120,268.0",-1.6%,"$-22,355.0",-,"$309,129.0","$87,009.3",-3,"283,000",-3,https://fortune.com/fortune500/2019/general-electric,http://www.ge.com,https://www.google.com/search?q=General Electric+corporate+leadership+page,ge.com,https://www.ge.com/about-us/leadership/executives,https://www.ge.com,.com
22,Fannie Mae,"$120,101.0",6.9%,"$15,959.0",547.9%,"$3,418,318.0","$3,242.6",-1,"7,400",-1,https://fortune.com/fortune500/2019/fannie-mae,http://www.fanniemae.com,https://www.google.com/search?q=Fannie Mae+corporate+leadership+page,fanniemae.com,https://www.fanniemae.com/portal/about-fm/leadership/fannie-mae-leadership.html,https://www.fanniemae.com,.com
23,Phillips 66,"$114,217.0",24.7%,"$5,595.0",9.6%,"$54,302.0","$43,240.7",5,"14,200",5,https://fortune.com/fortune500/2019/phillips-66,http://www.phillips66.com,https://www.google.com/search?q=Phillips 66+corporate+leadership+page,phillips66.com,https://investor.phillips66.com/corporate-governance/default.aspx,https://investor.phillips66.com,.com
24,Valero Energy,"$111,407.0",26.0%,"$3,122.0",-23.2%,"$50,155.0","$35,426.1",7,"10,261",7,https://fortune.com/fortune500/2019/valero-energy,http://www.valero.com,https://www.google.com/search?q=Valero Energy+corporate+leadership+page,valero.com,https://www.valero.com/en-us/AboutValero/ExecutiveTeam,https://www.valero.com,.com
25,Bank of America,"$110,584.0",10.3%,"$28,147.0",54.4%,"$2,354,507.0","$265,938.5",-1,"204,489",-1,https://fortune.com/fortune500/2019/bank-of-america-corp,http://www.bankofamerica.com,https://www.google.com/search?q=Bank of America+corporate+leadership+page,bankofamerica.com,https://about.bankofamerica.com/en-us/who-we-are/our-leadership.html,https://about.bankofamerica.com,.com
26,Microsoft,"$110,360.0",22.7%,"$16,571.0",-21.8%,"$258,848.0","$904,860.9",4,"131,000",4,https://fortune.com/fortune500/2019/microsoft,http://www.microsoft.com,https://www.google.com/search?q=Microsoft+corporate+leadership+page,microsoft.com,https://news.microsoft.com/leadership/,https://news.microsoft.com,.com
27,Home Depot,"$108,203.0",7.2%,"$11,121.0",28.9%,"$44,003.0","$211,828.0",-4,"413,000",-4,https://fortune.com/fortune500/2019/home-depot,http://www.homedepot.com,https://www.google.com/search?q=Home Depot+corporate+leadership+page,homedepot.com,https://corporate.homedepot.com/leadership,https://corporate.homedepot.com,.com
28,Boeing,"$101,127.0",8.3%,"$10,460.0",27.6%,"$117,359.0","$215,304.7",-1,"153,000",-1,https://fortune.com/fortune500/2019/boeing,http://www.boeing.com,https://www.google.com/search?q=Boeing+corporate+leadership+page,boeing.com,http://www.boeing.com/company/bios/,http://www.boeing.com,.com
29,Wells Fargo,"$101,060.0",3.4%,"$22,393.0",0.9%,"$1,895,883.0","$219,467.1",-3,"258,700",-3,https://fortune.com/fortune500/2019/wells-fargo,http://www.wellsfargo.com,https://www.google.com/search?q=Wells Fargo+corporate+leadership+page,wellsfargo.com,https://www.wellsfargo.com/about/corporate/governance/,https://www.wellsfargo.com,.com
30,Citigroup,"$97,120.0",10.4%,"$18,045.0",-,"$1,917,383.0","$145,625.4",2,"204,000",2,https://fortune.com/fortune500/2019/citigroup,http://www.citigroup.com,https://www.google.com/search?q=Citigroup+corporate+leadership+page,citigroup.com,https://www.citigroup.com/citi/about/our_leaders.html,https://www.citigroup.com,.com
31,Marathon Petroleum,"$97,102.0",43.6%,"$2,780.0",-19.0%,"$92,940.0","$40,258.2",10,"60,350",10,https://fortune.com/fortune500/2019/marathon-petroleum,http://www.marathonpetroleum.com,https://www.google.com/search?q=Marathon Petroleum+corporate+leadership+page,marathonpetroleum.com,https://www.marathonpetroleum.com/About/Leadership/,https://www.marathonpetroleum.com,.com
32,Comcast,"$94,507.0",11.8%,"$11,731.0",-48.4%,"$251,684.0","$180,948.0",1,"184,000",1,https://fortune.com/fortune500/2019/comcast,http://www.comcastcorporation.com,https://www.google.com/search?q=Comcast+corporate+leadership+page,comcastcorporation.com,https://www.cmcsa.com/corporate-governance/executive-officers,https://www.cmcsa.com,.com
33,Anthem,"$92,105.0",2.3%,"$3,750.0",-2.4%,"$71,571.0","$73,826.6",-4,"63,900",-4,https://fortune.com/fortune500/2019/anthem,http://www.antheminc.com,https://www.google.com/search?q=Anthem+corporate+leadership+page,antheminc.com,https://www.antheminc.com/AboutAnthemInc/Leadership/ExecutiveLeadership/index.htm,https://www.antheminc.com,.com
34,Dell Technologies,"$90,621.0",15.2%,"$-2,310.0",-,"$111,820.0","$42,170.5",1,"157,000",1,https://fortune.com/fortune500/2019/dell-technologies,http://www.delltechnologies.com,https://www.google.com/search?q=Dell Technologies+corporate+leadership+page,delltechnologies.com,https://corporate.delltechnologies.com/en-us/about-us/leadership.htm,https://corporate.delltechnologies.com,.com
35,DuPont de Nemours,"$85,977.0",37.2%,"$3,844.0",163.3%,"$188,030.0","$120,201.4",12,"98,000",12,https://fortune.com/fortune500/2019/dowdupont,http://www.dupont.com,https://www.google.com/search?q=DuPont de Nemours+corporate+leadership+page,dupont.com,https://www.dupont.com/about/leadership.html,https://www.dupont.com,.com
36,State Farm Insurance,"$81,732.2",4.3%,"$8,788.4",298.3%,"$272,518.4",-,-,"56,788",-,https://fortune.com/fortune500/2019/state-farm-insurance-cos,http://www.statefarm.com,https://www.google.com/search?q=State Farm Insurance+corporate+leadership+page,statefarm.com,https://www.statefarm.com/about-us/company-overview/company-profile/leadership-team,https://www.statefarm.com,.com
37,Johnson & Johnson,"$81,581.0",6.7%,"$15,297.0",1076.7%,"$152,954.0","$372,228.9",-,"135,100",-,https://fortune.com/fortune500/2019/johnson-johnson,http://www.jnj.com,https://www.google.com/search?q=Johnson & Johnson+corporate+leadership+page,jnj.com,https://www.jnj.com/leadership/our-leadership-team,https://www.jnj.com,.com
38,IBM,"$79,591.0",0.6%,"$8,728.0",51.7%,"$123,382.0","$125,560.1",-4,"381,100",-4,https://fortune.com/fortune500/2019/ibm,http://www.ibm.com,https://www.google.com/search?q=IBM+corporate+leadership+page,ibm.com,https://www.ibm.com/investor/governance/executive-officers.html,https://www.ibm.com,.com
39,Target,"$75,356.0",4.8%,"$2,937.0",0.1%,"$41,290.0","$41,440.9",-,"360,000",-,https://fortune.com/fortune500/2019/target,http://www.target.com,https://www.google.com/search?q=Target+corporate+leadership+page,target.com,https://corporate.target.com/press/leadership,https://corporate.target.com,.com
40,Freddie Mac,"$73,598.0",-1.4%,"$9,235.0",64.2%,"$2,063,060.0","$1,748.7",-2,"6,621",-2,https://fortune.com/fortune500/2019/freddie-mac,http://www.freddiemac.com,https://www.google.com/search?q=Freddie Mac+corporate+leadership+page,freddiemac.com,http://www.freddiemac.com/about/leaders/,http://www.freddiemac.com,.com
41,United Parcel Service,"$71,861.0",9.1%,"$4,791.0",-2.4%,"$50,016.0","$96,116.3",3,"364,575",3,https://fortune.com/fortune500/2019/ups,http://www.ups.com,https://www.google.com/search?q=United Parcel Service+corporate+leadership+page,ups.com,https://www.pressroom.ups.com/pressroom/about/leadership.page,https://www.pressroom.ups.com,.com
42,Lowe's,"$71,309.0",3.9%,"$2,314.0",-32.9%,"$34,508.0","$87,685.5",-2,"245,000",-2,https://fortune.com/fortune500/2019/lowes,http://www.lowes.com,https://www.google.com/search?q=Lowe's+corporate+leadership+page,lowes.com,https://www.lowes.com/l/meet-the-leadership.html,https://www.lowes.com,.com
43,Intel,"$70,848.0",12.9%,"$21,053.0",119.3%,"$127,963.0","$241,488.9",3,"107,400",3,https://fortune.com/fortune500/2019/intel,http://www.intel.com,https://www.google.com/search?q=Intel+corporate+leadership+page,intel.com,https://newsroom.intel.com/biographies/executive-management/,https://newsroom.intel.com,.com
44,MetLife,"$67,941.0",2.7%,"$5,123.0",27.8%,"$687,538.0","$40,751.0",-1,"48,000",-1,https://fortune.com/fortune500/2019/metlife,http://www.metlife.com,https://www.google.com/search?q=MetLife+corporate+leadership+page,metlife.com,https://www.metlife.com/about-us/corporate-governance/executive-officers/,https://www.metlife.com,.com
45,Procter & Gamble,"$66,832.0",0.9%,"$9,750.0",-36.4%,"$118,310.0","$260,289.4",-3,"92,000",-3,https://fortune.com/fortune500/2019/procter-gamble,http://www.pg.com,https://www.google.com/search?q=Procter & Gamble+corporate+leadership+page,pg.com,https://us.pg.com/leadership-team/,https://us.pg.com,.com
46,United Technologies,"$66,501.0",11.1%,"$5,269.0",15.8%,"$134,211.0","$111,146.0",5,"240,200",5,https://fortune.com/fortune500/2019/united-technologies,http://www.utc.com,https://www.google.com/search?q=United Technologies+corporate+leadership+page,utc.com,https://www.utc.com/en/Our-Company/leadership-team,https://www.utc.com,.com
47,FedEx,"$65,450.0",8.5%,"$4,572.0",52.6%,"$52,330.0","$47,270.8",3,"359,000",3,https://fortune.com/fortune500/2019/fedex,http://www.fedex.com,https://www.google.com/search?q=FedEx+corporate+leadership+page,fedex.com,https://about.van.fedex.com/our-story/leadership/,https://about.van.fedex.com,.com
48,PepsiCo,"$64,661.0",1.8%,"$12,515.0",157.7%,"$77,648.0","$172,094.7",-3,"267,000",-3,https://fortune.com/fortune500/2019/pepsico,http://www.pepsico.com,https://www.google.com/search?q=PepsiCo+corporate+leadership+page,pepsico.com,https://www.pepsico.com/about/leadership,https://www.pepsico.com,.com
49,Archer Daniels Midland,"$64,341.0",5.8%,"$1,810.0",13.5%,"$40,833.0","$24,156.7",-1,"31,600",-1,https://fortune.com/fortune500/2019/archer-daniels-midland,http://www.adm.com,https://www.google.com/search?q=Archer Daniels Midland+corporate+leadership+page,adm.com,https://www.adm.com/our-company/senior-leadership,https://www.adm.com,.com
50,Prudential Financial,"$62,992.0",5.5%,"$4,074.0",-48.2%,"$815,078.0","$37,517.7",2,"50,492",2,https://fortune.com/fortune500/2019/prudential-financial,http://www.prudential.com,https://www.google.com/search?q=Prudential Financial+corporate+leadership+page,prudential.com,http://news.prudential.com/prudential/executiveofficers/,http://news.prudential.com,.com
51,Centene,"$60,116.0",23.8%,$900.0,8.7%,"$30,901.0","$21,939.7",10,"47,300",10,https://fortune.com/fortune500/2019/centene,http://www.centene.com,https://www.google.com/search?q=Centene+corporate+leadership+page,centene.com,https://www.centene.com/who-we-are/board-of-directors.html,https://www.centene.com,.com
52,Albertsons,"$59,924.6",0.4%,$46.3,-,"$21,812.3",-,1,"275,000",1,https://fortune.com/fortune500/2019/albertsons-cos,http://www.albertsonscompanies.com,https://www.google.com/search?q=Albertsons+corporate+leadership+page,albertsonscompanies.com,https://www.albertsonscompanies.com/about-us/leadership.html,https://www.albertsonscompanies.com,.com
53,Walt Disney,"$59,434.0",7.8%,"$12,598.0",40.3%,"$98,598.0","$199,589.9",2,"201,000",2,https://fortune.com/fortune500/2019/walt-disney,http://www.thewaltdisneycompany.com,https://www.google.com/search?q=Walt Disney+corporate+leadership+page,thewaltdisneycompany.com,https://www.thewaltdisneycompany.com/about/,https://www.thewaltdisneycompany.com,.com
54,Sysco,"$58,727.3",6.1%,"$1,430.8",25.2%,"$18,070.4","$34,278.8",-,"67,000",-,https://fortune.com/fortune500/2019/sysco,http://www.sysco.com,https://www.google.com/search?q=Sysco+corporate+leadership+page,sysco.com,https://www.sysco.com/About/Our-People/Our-Management.html,https://www.sysco.com,.com
55,HP,"$58,472.0",12.3%,"$5,327.0",110.9%,"$34,622.0","$29,795.9",3,"55,000",3,https://fortune.com/fortune500/2019/hp,http://www.hp.com,https://www.google.com/search?q=HP+corporate+leadership+page,hp.com,https://www8.hp.com/us/en/hp-information/executive-team/team.html,https://www8.hp.com,.com
56,Humana,"$56,912.0",5.8%,"$1,683.0",-31.3%,"$25,413.0","$36,079.6",-,"41,600",-,https://fortune.com/fortune500/2019/humana,http://www.humana.com,https://www.google.com/search?q=Humana+corporate+leadership+page,humana.com,https://www.humana.com/about/,https://www.humana.com,.com
57,Facebook,"$55,838.0",37.4%,"$22,112.0",38.8%,"$97,334.0","$475,731.6",19,"35,587",19,https://fortune.com/fortune500/2019/facebook,http://www.facebook.com,https://www.google.com/search?q=Facebook+corporate+leadership+page,facebook.com,,,.com
58,Caterpillar,"$54,722.0",20.4%,"$6,147.0",715.3%,"$78,509.0","$77,980.3",7,"104,000",7,https://fortune.com/fortune500/2019/caterpillar,http://www.caterpillar.com,https://www.google.com/search?q=Caterpillar+corporate+leadership+page,caterpillar.com,https://www.caterpillar.com/en/company/governance/officers.html,https://www.caterpillar.com,.com
59,Energy Transfer,"$54,436.0",14.6%,"$1,694.0",77.6%,"$88,246.0","$40,260.0",5,"11,768",5,https://fortune.com/fortune500/2019/energy-transfer,http://www.energytransfer.com,https://www.google.com/search?q=Energy Transfer+corporate+leadership+page,energytransfer.com,https://www.energytransfer.com/leadership/,https://www.energytransfer.com,.com
60,Lockheed Martin,"$53,762.0",5.3%,"$5,046.0",152.0%,"$44,876.0","$84,887.6",-1,"105,000",-1,https://fortune.com/fortune500/2019/lockheed-martin,http://www.lockheedmartin.com,https://www.google.com/search?q=Lockheed Martin+corporate+leadership+page,lockheedmartin.com,https://www.lockheedmartin.com/en-us/who-we-are/leadership-governance.html,https://www.lockheedmartin.com,.com
61,Pfizer,"$53,647.0",2.1%,"$11,153.0",-47.7%,"$159,422.0","$235,785.1",-4,"92,400",-4,https://fortune.com/fortune500/2019/pfizer,http://www.pfizer.com,https://www.google.com/search?q=Pfizer+corporate+leadership+page,pfizer.com,https://www.pfizer.com/people/leadership/executives,https://www.pfizer.com,.com
62,Goldman Sachs Group,"$52,528.0",24.3%,"$10,459.0",144.0%,"$931,796.0","$70,414.9",8,"36,600",8,https://fortune.com/fortune500/2019/goldman-sachs-group,http://www.goldmansachs.com,https://www.google.com/search?q=Goldman Sachs Group+corporate+leadership+page,goldmansachs.com,http://www.goldmansachs.com/our-firm/leadership/executive-officers/,http://www.goldmansachs.com,.com
63,Morgan Stanley,"$50,193.0",15.0%,"$8,748.0",43.2%,"$853,531.0","$72,110.8",4,"60,348",4,https://fortune.com/fortune500/2019/morgan-stanley,http://www.morganstanley.com,https://www.google.com/search?q=Morgan Stanley+corporate+leadership+page,morganstanley.com,https://www.morganstanley.com/about-us-governance/board,https://www.morganstanley.com,.com
64,Cisco Systems,"$49,330.0",2.8%,$110.0,-98.9%,"$108,784.0","$237,665.5",-2,"74,200",-2,https://fortune.com/fortune500/2019/cisco-systems,http://www.cisco.com,https://www.google.com/search?q=Cisco Systems+corporate+leadership+page,cisco.com,https://newsroom.cisco.com/exec-bios,https://newsroom.cisco.com,.com
65,Cigna,"$48,650.0",16.9%,"$2,637.0",17.9%,"$153,226.0","$61,058.9",8,"73,800",8,https://fortune.com/fortune500/2019/cigna,http://www.cigna.com,https://www.google.com/search?q=Cigna+corporate+leadership+page,cigna.com,https://www.cigna.com/about-us/leadership-team/,https://www.cigna.com,.com
66,AIG,"$47,389.0",-4.3%,$-6.0,-,"$491,984.0","$37,440.1",-6,"49,600",-6,https://fortune.com/fortune500/2019/aig,http://www.aig.com,https://www.google.com/search?q=AIG+corporate+leadership+page,aig.com,https://www.aig.com/about-us/corporategovernance,https://www.aig.com,.com
67,HCA Healthcare,"$46,677.0",-2.0%,"$3,787.0",70.9%,"$39,207.0","$44,787.0",-4,"229,000",-4,https://fortune.com/fortune500/2019/hca-healthcare,http://www.hcahealthcare.com,https://www.google.com/search?q=HCA Healthcare+corporate+leadership+page,hcahealthcare.com,https://investor.hcahealthcare.com/corporate_governance/executive_officers,https://investor.hcahealthcare.com,.com
68,American Airlines Group,"$44,541.0",5.5%,"$1,412.0",-26.4%,"$60,580.0","$14,262.0",3,"128,900",3,https://fortune.com/fortune500/2019/american-airlines-group,http://www.aa.com,https://www.google.com/search?q=American Airlines Group+corporate+leadership+page,aa.com,https://www.aa.com/i18n/customer-service/about-us/corporate-structure.jsp,https://www.aa.com,.com
69,Delta Air Lines,"$44,438.0",7.7%,"$3,935.0",10.0%,"$60,266.0","$35,067.8",6,"88,680",6,https://fortune.com/fortune500/2019/delta-air-lines,http://www.delta.com,https://www.google.com/search?q=Delta Air Lines+corporate+leadership+page,delta.com,https://news.delta.com/tags/leader-bios,https://news.delta.com,.com
70,Charter Communications,"$43,634.0",4.9%,"$1,230.0",-87.6%,"$146,130.0","$85,923.4",4,"98,000",4,https://fortune.com/fortune500/2019/charter-communications,http://www.charter.com,https://www.google.com/search?q=Charter Communications+corporate+leadership+page,charter.com,https://newsroom.charter.com/leadership/,https://newsroom.charter.com,.com
71,New York Life Insurance,"$43,425.3",2.7%,$880.0,-52.9%,"$311,449.3",-,-2,"11,388",-2,https://fortune.com/fortune500/2019/new-york-life-insurance,http://www.newyorklife.com,https://www.google.com/search?q=New York Life Insurance+corporate+leadership+page,newyorklife.com,https://www.newyorklife.com/newsroom/executive-biographies,https://www.newyorklife.com,.com
72,American Express,"$43,281.0",21.6%,"$6,921.0",153.0%,"$188,602.0","$91,675.1",14,"59,000",14,https://fortune.com/fortune500/2019/american-express,http://www.americanexpress.com,https://www.google.com/search?q=American Express+corporate+leadership+page,americanexpress.com,https://ir.americanexpress.com/Executive-Committee-and-Directors,https://ir.americanexpress.com,.com
73,Nationwide,"$43,270.0",-1.5%,$512.6,107.9%,"$214,141.9",-,-7,"30,472",-7,https://fortune.com/fortune500/2019/nationwide,http://www.nationwide.com,https://www.google.com/search?q=Nationwide+corporate+leadership+page,nationwide.com,https://www.nationwide.com/personal/about-us/executives/,https://www.nationwide.com,.com
74,Best Buy,"$42,879.0",1.7%,"$1,464.0",46.4%,"$12,901.0","$19,030.2",-2,"125,000",-2,https://fortune.com/fortune500/2019/best-buy,http://www.bestbuy.com,https://www.google.com/search?q=Best Buy+corporate+leadership+page,bestbuy.com,https://corporate.bestbuy.com/about-best-buy/,https://corporate.bestbuy.com,.com
75,Liberty Mutual Insurance Group,"$42,685.0",-0.0%,"$2,160.0",12605.9%,"$125,989.0",-,-7,"50,000",-7,https://fortune.com/fortune500/2019/liberty-mutual-insurance-group,http://www.libertymutual.com,https://www.google.com/search?q=Liberty Mutual Insurance Group+corporate+leadership+page,libertymutual.com,,,.com
76,Merck,"$42,294.0",5.4%,"$6,220.0",159.8%,"$82,637.0","$214,680.1",2,"69,000",2,https://fortune.com/fortune500/2019/merck,http://www.merck.com,https://www.google.com/search?q=Merck+corporate+leadership+page,merck.com,https://www.merck.com/about/leadership/home.html,https://www.merck.com,.com
77,Honeywell International,"$41,802.0",3.1%,"$6,765.0",308.8%,"$57,773.0","$115,752.5",-,"114,000",-,https://fortune.com/fortune500/2019/honeywell-international,http://www.honeywell.com,https://www.google.com/search?q=Honeywell International+corporate+leadership+page,honeywell.com,https://www.honeywell.com/en-us/company/leadership,https://www.honeywell.com,.com
78,United Continental Holdings,"$41,303.0",9.5%,"$2,129.0",-0.1%,"$44,792.0","$21,279.5",3,"92,000",3,https://fortune.com/fortune500/2019/united-continental-holdings,http://www.united.com,https://www.google.com/search?q=United Continental Holdings+corporate+leadership+page,united.com,http://ir.united.com/corporate-governance/company-leadership,http://ir.united.com,.com
79,TIAA,"$41,052.1",14.0%,"$1,560.5",48.7%,"$568,190.2",-,5,"17,643",5,https://fortune.com/fortune500/2019/tiaa,http://www.tiaa.org,https://www.google.com/search?q=TIAA+corporate+leadership+page,tiaa.org,https://www.tiaa.org/public/about-tiaa/leadership-team,https://www.tiaa.org,.org
80,Tyson Foods,"$40,052.0",4.7%,"$3,024.0",70.5%,"$29,109.0","$25,360.5",-,"121,000",-,https://fortune.com/fortune500/2019/tyson-foods,http://www.tysonfoods.com,https://www.google.com/search?q=Tyson Foods+corporate+leadership+page,tysonfoods.com,https://www.tysonfoods.com/who-we-are/our-people/leadership,https://www.tysonfoods.com,.com
81,Oracle,"$39,831.0",5.6%,"$3,825.0",-59.0%,"$137,264.0","$183,562.2",1,"137,000",1,https://fortune.com/fortune500/2019/oracle,http://www.oracle.com,https://www.google.com/search?q=Oracle+corporate+leadership+page,oracle.com,https://www.oracle.com/corporate/Executives/,https://www.oracle.com,.com
82,Allstate,"$39,815.0",3.4%,"$2,252.0",-29.4%,"$112,249.0","$31,264.3",-3,"45,420",-3,https://fortune.com/fortune500/2019/allstate,http://www.allstate.com,https://www.google.com/search?q=Allstate+corporate+leadership+page,allstate.com,https://www.allstate.com/about/leadership.aspx,https://www.allstate.com,.com
83,World Fuel Services,"$39,750.3",18.0%,$127.7,-,"$5,676.9","$1,940.6",8,"5,000",8,https://fortune.com/fortune500/2019/world-fuel-services,http://www.wfscorp.com,https://www.google.com/search?q=World Fuel Services+corporate+leadership+page,wfscorp.com,https://www.wfscorp.com/en/About-Us/Leadership,https://www.wfscorp.com,.com
84,Massachusetts Mutual Life Insurance,"$39,267.2",17.2%,$397.9,-22.4%,"$265,812.6",-,9,"9,844",9,https://fortune.com/fortune500/2019/massachusetts-mutual-life-insurance,http://www.massmutual.com,https://www.google.com/search?q=Massachusetts Mutual Life Insurance+corporate+leadership+page,massmutual.com,https://www.massmutual.com/about-us/corporate-governance,https://www.massmutual.com,.com
85,TJX,"$38,972.9",8.7%,"$3,059.8",17.3%,"$14,326.0","$65,615.7",-,"270,000",-,https://fortune.com/fortune500/2019/tjx,http://www.tjx.com,https://www.google.com/search?q=TJX+corporate+leadership+page,tjx.com,https://www.tjx.com/investors/governance/executive-officers,https://www.tjx.com,.com
86,ConocoPhillips,"$38,727.0",18.9%,"$6,257.0",-,"$69,980.0","$75,710.1",9,"10,800",9,https://fortune.com/fortune500/2019/conocophillips,http://www.conocophillips.com,https://www.google.com/search?q=ConocoPhillips+corporate+leadership+page,conocophillips.com,http://www.conocophillips.com/about-us/leadership/,http://www.conocophillips.com,.com
87,Deere,"$37,357.7",25.6%,"$2,368.4",9.7%,"$70,108.0","$50,908.0",15,"74,413",15,https://fortune.com/fortune500/2019/deere,http://www.johndeere.com,https://www.google.com/search?q=Deere+corporate+leadership+page,johndeere.com,,,.com
88,Tech Data,"$37,239.0",1.3%,$340.6,192.0%,"$12,986.6","$3,779.0",-5,"14,000",-5,https://fortune.com/fortune500/2019/tech-data,http://www.techdata.com,https://www.google.com/search?q=Tech Data+corporate+leadership+page,techdata.com,https://investor.techdata.com/governance/executive-management/default.aspx,https://investor.techdata.com,.com
89,Enterprise Products Partners,"$36,534.2",24.9%,"$4,172.4",49.1%,"$56,969.8","$63,579.8",16,"7,000",16,https://fortune.com/fortune500/2019/enterprise-products-partners,http://www.enterpriseproducts.com,https://www.google.com/search?q=Enterprise Products Partners+corporate+leadership+page,enterpriseproducts.com,https://www.enterpriseproducts.com/about-us/management,https://www.enterpriseproducts.com,.com
90,Nike,"$36,397.0",6.0%,"$1,933.0",-54.4%,"$22,536.0","$132,529.5",-1,"73,100",-1,https://fortune.com/fortune500/2019/nike,http://www.nike.com,https://www.google.com/search?q=Nike+corporate+leadership+page,nike.com,https://about.nike.com/pages/executives,https://about.nike.com,.com
91,Publix Super Markets,"$36,395.7",4.5%,"$2,381.2",3.9%,"$18,982.5",-,-3,"202,000",-3,https://fortune.com/fortune500/2019/publix-super-markets,http://www.publix.com,https://www.google.com/search?q=Publix Super Markets+corporate+leadership+page,publix.com,http://corporate.publix.com/,http://corporate.publix.com,.com
92,General Dynamics,"$36,193.0",16.9%,"$3,345.0",14.9%,"$45,408.0","$48,883.0",7,"105,600",7,https://fortune.com/fortune500/2019/general-dynamics,http://www.generaldynamics.com,https://www.google.com/search?q=General Dynamics+corporate+leadership+page,generaldynamics.com,,,.com
93,Exelon,"$35,985.0",7.3%,"$2,010.0",-46.7%,"$119,666.0","$48,623.7",-1,"33,383",-1,https://fortune.com/fortune500/2019/exelon,http://www.exeloncorp.com,https://www.google.com/search?q=Exelon+corporate+leadership+page,exeloncorp.com,https://www.exeloncorp.com/leadership-and-governance/executive-profiles,https://www.exeloncorp.com,.com
94,Plains GP Holdings,"$34,055.0",29.9%,$334.0,-,"$26,830.0","$3,974.4",21,"4,900",21,https://fortune.com/fortune500/2019/plains-gp-holdings,http://www.plainsallamerican.com,https://www.google.com/search?q=Plains GP Holdings+corporate+leadership+page,plainsallamerican.com,https://www.plainsallamerican.com/about-us/leadership/plains-gp-holdings-management,https://www.plainsallamerican.com,.com
95,3M,"$32,765.0",3.5%,"$5,349.0",10.1%,"$36,500.0","$119,659.8",2,"93,516",2,https://fortune.com/fortune500/2019/3m,http://www.3m.com,https://www.google.com/search?q=3M+corporate+leadership+page,3m.com,https://investors.3m.com/governance/corporate-officers/default.aspx,https://investors.3m.com,.com
96,AbbVie,"$32,753.0",16.1%,"$5,687.0",7.1%,"$59,352.0","$119,125.3",14,"30,000",14,https://fortune.com/fortune500/2019/abbvie,http://www.abbvie.com,https://www.google.com/search?q=AbbVie+corporate+leadership+page,abbvie.com,https://www.abbvie.com/our-company/leadership.html,https://www.abbvie.com,.com
97,CHS,"$32,683.3",2.0%,$775.9,983.8%,"$16,381.2",-,-1,"10,495",-1,https://fortune.com/fortune500/2019/chs,http://www.chsinc.com,https://www.google.com/search?q=CHS+corporate+leadership+page,chsinc.com,https://www.chsinc.com/our-company/chs-leadership,https://www.chsinc.com,.com
98,Capital One Financial,"$32,377.0",7.9%,"$6,015.0",203.5%,"$372,538.0","$38,340.7",3,"47,600",3,https://fortune.com/fortune500/2019/capital-one-financial,http://www.capitalone.com,https://www.google.com/search?q=Capital One Financial+corporate+leadership+page,capitalone.com,https://www.capitalone.com/commercial/about/leadership/,https://www.capitalone.com,.com
99,Progressive,"$31,979.0",19.2%,"$2,615.3",64.3%,"$46,575.0","$42,099.5",13,"37,346",13,https://fortune.com/fortune500/2019/progressive,http://www.progressive.com,https://www.google.com/search?q=Progressive+corporate+leadership+page,progressive.com,https://www.progressive.com/about/leadership/,https://www.progressive.com,.com
100,Coca-Cola,"$31,856.0",-10.0%,"$6,434.0",415.5%,"$83,216.0","$200,334.1",-13,"62,600",-13,https://fortune.com/fortune500/2019/coca-cola,http://www.coca-colacompany.com,https://www.google.com/search?q=Coca-Cola+corporate+leadership+page,coca-colacompany.com,https://www.coca-colacompany.com/our-company/coca-cola-leaders,https://www.coca-colacompany.com,.com
